Giessen,0,146.3283977907228,145.4269576110289,181.9120666695862,77.10382610480494,147.6109752017105,76.79192665899187,100.702532242243,195.0282030886816,151.251446274077,49.92995093127972,84.53401682163224,64.62197768561389,114.843371598016,29.68164415931161,108.2081327812286,135.8823020117042,32.98484500494128,64.12487816752557,88.3911760301898,18.35755975068579,153.9512909981595,145.9109317357682,39.31920650267499,188.4728097100481,37.64306044943739,219.6656550305489,44.94441010848851,24.0000000000001,57.77542730261715,144.8102206337661,38.32753579347359,74.65252842335616,56.99999999999999,58.05170109479996,126.5740889755877,144.2220510185596,189.4465623863362,69.02897942168923,140.6627171641441,144.6927779814874,151.2117720285031,44.10215414239986,84.50443775329198,85.09406559801921,40.04996878900155,149.6161755960899,127.6126952932192,138.6975125948551,40.26164427839471,19.23538406167125,220.6558406206371,71.8470597867442,106.5504575306929,72.33947746562723,160.3277892319358,42.57933771208771,101.0198000393982,116.400171821179
Frankfurt,146.3283977907228,0,35.84689665786985,40.79215610874228,80.00624975587844,40.70626487409524,148.6371420607918,51,67.23094525588638,30.87069808086625,109.6585609973065,99.24716620639605,112.1605991424796,33.42154993413682,165.4236984231703,65.55150646628954,52.34500931320961,154.2076522096098,92.45539465060976,74.54528824815154,161.0124218810462,20.02498439450073,50.77400909914441,113.5341358358798,43.28972164382672,139.4022955334667,86.33075929238652,120.5985074534507,139.2695228684295,88.60022573334675,71.40028011149538,108.3374358197571,78.31347265956222,95.69221493935649,102.303470126873,57.8013840664737,46.69047011971497,47.2652091923859,87.32124598286491,27.01851217221257,47.70744176750627,47.4236228055175,108.2266141020775,71,61.32699242584786,111.1395519155984,37.16180835212412,42.43819034784588,33.30165161069341,116.2110149684616,134.6476884316994,91.7877987534291,95.13148795220224,43.04648650006177,130.2497600765545,14.86606874731865,129.5569372901351,106.7754653466797,45.88027898781786
Marburg,145.4269576110289,35.84689665786985,0,69.89277502002621,69.77105417004964,5.099019513592778,129.3135723735139,45.27692569068709,100.0049998750061,66.64833081180652,100.6479011206891,79.63039620647382,97.26767191621281,52.61178575186364,158.7765725792064,43.56604182158393,19.31320791582797,160.589538887189,104.1009125800538,60.16643582596529,162.265215003093,20.24845673131664,14.99999999999999,119.7539143410352,66.30987860040162,147.756556538111,115.6027681329471,110.6932698947863,132.8344834747363,89.8276126811795,36.06937759374287,110.3902169578446,71.02112361825881,104.6231331972045,113.7409337046254,28.28427124746189,81.27115109311542,74.30343195303969,99.84988733093294,10.04987562112092,12.0415945787923,12.16552506059643,114.9782588144385,61.40032573203501,67.67569726275453,116.8460525649027,4.24264068711928,18.38477631085023,7.211102550927992,123.5556554755791,137.9746353501251,122.5887433657756,81.27115109311546,41.40048308896892,111.7586685675881,35.80502757993614,119.0378091196238,81.49846624323675,29.15475947422651
Aschaffenburg,181.9120666695862,40.79215610874228,69.89277502002621,0,120.2039932780937,73.60027173862879,189.3911296761282,91.35097153287424,31.62277660168362,33.60059523282288,149.0536816049842,140.0357097314824,152.6433752247375,67.26812023536856,203.2264746532793,105.9481005020855,88.83692925805124,185.2241884851975,122.6539848516957,115.2605743522042,195.1127878945919,49.64876634922559,84.20213774008353,146.1848145328372,13.34166406412633,169.4963126442578,46.09772228646423,160.0499921899404,177.3696704625681,125.131930377502,105.4229576515476,143.5862110371327,118.0042372120595,127.5813465989445,131.9469590403659,96.15092303249095,49.67896939349684,7.615773105863909,117.2731853408954,63.9531078212779,81.60882305241267,78.74642849044012,140.8012784032872,111.2879148874666,97.49358953285082,144.2220510185596,69.20260110718385,81.54140052758476,70.2353187506115,148.0033783398204,168.2438706164359,52.69724850502159,135.6244815658294,83.21658488546619,170.9883036935568,34.13209633175219,169.0473306503241,147.0544116985274,86.40023148117139
Darmstadt,77.10382610480494,80.00624975587844,69.77105417004964,120.2039932780937,0,71.34423592694787,70.83784299369934,29.01723625709382,141.8908030846256,96.84007434941384,31.01612483854165,27.80287754891569,32.75667870831838,57.58472019555187,89.05054744357274,31.40063693621516,58.79625838435639,97.61659694949419,57.55866572463264,11.6619037896906,94.79451460923254,81.74350127074324,68.8839603971781,60.4400529450463,123.1462545106427,88.02272433866155,164.0731544159495,41.48493702538308,63.06346010171024,30.14962686336267,68.79680225126747,47.01063709417264,6.324555320336759,53.00943312279429,64.00781202322104,49.51767361255979,98.83825170448939,127.0629765116495,56.51548460377916,66.7308024828115,67.80117993073571,74.4043009509531,57.27128425310541,9.055385138137417,33.94112549695428,57.28001396647874,73.82411530116698,51.478150704935,63.56099432828282,65.25335240430179,73.24616030891995,167.9047348945228,16.1554944214035,37.01351104664349,52.55473337388364,91.66242414424789,50.21951811795887,45.18849411078001,40.71854614300466
Fulda,147.6109752017105,40.70626487409524,5.099019513592778,73.60027173862879,71.34423592694787,0,128.763348822559,48.16637831516918,104.0624812312294,71.55417527999326,102,79.42921376924235,97.71898484941407,57.42821606144494,160.1249512099848,43.68065933568311,17.1172427686237,163.6001222493431,107.9120011861517,61.26989472816156,164.6572197020222,24.08318915758464,10.63014581273465,122.9186723000212,69.31810730249349,151.0297983842923,119.0378091196235,111.8257573191436,134.3316790634287,92.65527507918802,31.89043743820396,113.1370849898476,73.00684899377592,108.1665382639197,117.4776574502573,27.01851217221258,86.33075929238659,77.69813382572325,103.7689741685828,15.13274595042158,8.062257748298562,7.071067811865476,118.2285921425101,63.24555320336759,71.34423592694787,119.9708297879114,4.472135954999551,20,11.40175425099139,126.8227108999015,140.7160260951111,126.2457920090804,82.07923001588162,44.94441010848848,111.4629983447422,39.69886648255822,120.01666550942,80.09993757800315,31.24099870362662
Mainz,76.79192665899187,148.6371420607918,129.3135723735139,189.3911296761282,70.83784299369934,128.763348822559,0,98.48857801796105,212.5111761766896,167.6305461424021,50.99019513592778,50.00999900019998,38.48376280978775,128.4133949399361,61.61168720299741,86.0232526704263,112.1472246647237,109.6585609973065,109.6585609973065,74.14849964766651,92.02173656261856,146.0136979875519,121.8236430254818,95.18928511129805,190.7590102721232,110.6797181058932,234.1836885865452,43.4165866921847,53.15072906367305,83.09632964216885,109.731490466502,81.60882305241259,74.84650960465689,101.9803902718556,110.4219181141135,101.8331969448078,169.2601547913743,195.869854750546,111.7318217877073,130.0038460969521,122.3315167894194,128.7245120402482,96.26006440887095,79.12016177940993,102.4207010325549,93.1933474020543,132.5443322062471,112.0178557195236,125.0359948174925,99.47864092356696,89.49301648732136,238.4156035162128,54.70831746635972,106.7333125130107,18.43908891458577,158.455040942218,38.47076812334245,51.26402247190526,104.1729331448434
Siegen,100.702532242243,51,45.27692569068709,91.35097153287424,29.01723625709382,48.16637831516918,98.48857801796105,0,114.1796829562948,69.85699678629192,59.22837157984339,50.56678751908213,61.29437168288782,32.64965543462902,116.3786922078092,26,40.85339643163099,115.433963806152,61.68468205316454,24.69817807045694,117.2006825918689,53.85164807134504,49.24428900898052,74.81310045707235,94.13288479590966,103.0048542545447,135.7129323240788,70.03570517957252,90.13878188659973,44.55333881989093,57.55866572463265,65.11528238439882,27.89265136196271,60.8276253029822,70.77428911688197,35.35533905932738,74.81310045707234,98.12746812182611,58.24087911424414,39.96248240537617,47.16990566028302,53.00943312279428,70.21395872616783,20,25.49509756796392,71.84010022264724,49.51767361255979,28.84441020371191,38.28837943815329,78.81624198095213,92.69843580125827,139.9785697883787,44.28317965096906,8.246211251235321,80.04998438475801,62.80127387243033,78.91767862779544,62.48199740725323,17.88854381999832
Wuerzburg,195.0282030886816,67.23094525588638,100.0049998750061,31.62277660168362,141.8908030846256,104.0624812312294,212.5111761766896,114.1796829562948,0,45.39823785126472,168.4428686528463,164.4688420339853,174.6424919657298,85.00000000000004,219.036526634258,132.3820229487372,118.4060809249254,193.1320791582798,132.1968229572861,138.8272307582342,206.1674077054859,79.98124780221907,114.6908889145078,157.0031846810759,41.78516483155214,176.9208862740633,25.00000000000025,179.354397771563,194.0412327316028,141.031911282518,135.948519668292,157.3181489847882,138.6542462386205,138.4521578018921,140.4635183953472,124.8078523170717,51.41984052872988,31.01612483854142,126.9212354178765,93.00537618869126,111.9464157532521,109.6038320497964,151.7530889306707,133.4053971921676,114.3547113152756,155.5634918610406,99.76472322419374,109.6038320497964,99.40321926376419,157.8765340384696,179.3599732381784,26.17250465660475,157.8923684032892,105.9481005020854,194.0953373989185,64.38167441127956,188.2896704548607,173.5655495770978,112.6987133910587
Koblenz,151.251446274077,30.87069808086625,66.64833081180652,33.60059523282288,96.84007434941384,71.55417527999326,167.6305461424021,69.85699678629192,45.39823785126472,0,123.0447073221762,120.4200979903272,129.5414991421668,39.6232255123179,174.2871194322747,90.44335243676009,82.20097323024831,152.4631102922933,90.13878188659973,94.54099639838792,163.4870025414865,49.99999999999993,81.49233092751733,114.2847321386369,44.59820624195551,136.5650028374766,69.00724599634465,133.9589489358587,149.0134222142422,96.04686356149273,101.7889974407843,113.1370849898476,93.39164844888434,95.60334722173695,99.16148445843274,86.31338250816033,18.68154169226937,41.04875150354757,84.75848040166838,57.45432968889286,78.39005038906404,78.29431652425352,108.9311709291698,88.54377448471462,69.06518659932803,112.538882169675,68.0294054067798,70.7672240518165,63.51377803280164,115.7410903698423,136.5613415282671,71.56814934033156,112.9291813483123,61.74139616173252,149.2648652563623,38.05259518088113,142.8985654231701,131.0267148332736,71.21797525905943
Gummersburg,49.92995093127972,109.6585609973065,100.6479011206891,149.0536816049842,31.01612483854165,102,50.99019513592778,59.22837157984339,168.4428686528463,123.0447073221762,0,35.11409973215888,18.24828759089448,83.48652585896721,58.13776741499453,60,88.48163651289458,76.40026177965625,59.03388857258177,40.8166632639171,68.26419266350403,112.6410227226298,98.73702446397704,48.50773134253962,152.9477034806342,71.06335201775947,191.5880998392124,11.00000000000001,32.44996147917588,32.20248437620924,95.48298277703728,33.52610922848044,31.40063693621516,51.61395160225577,60.90155991434047,78.60025445251435,121.8400590938793,156.1569723067145,60.82762530298218,97.73944955850733,97.9438614717635,104.6231331972045,48.10405388322278,39.84971769034255,54.57105459856901,45.88027898781785,104.651803615609,82.29216244576394,94.54099639838792,53.3666562565053,51.97114584074512,194.6124353683495,22.0227155455452,66.75327707311455,36.05551275463983,122,20.00000000000003,52.9528091794949,71.69379331573968
Mannheim,84.53401682163224,99.24716620639605,79.63039620647382,140.0357097314824,27.80287754891569,79.42921376924235,50.00999900019998,50.56678751908213,164.4688420339853,120.4200979903272,35.11409973215888,0,21.21320343559658,82.49242389456138,87.04596486914259,36.12478373637688,63.32456079595025,111.400179533069,82.86132994346639,25.9422435421457,102.8834291807966,96.00520819205595,73.37574531137656,80,140.9113196304683,105.0761628534274,185.3240405344109,40.22437072223751,64.20280367709805,53.85164807134504,64.89992295835179,65.03076195155644,33.83784863137726,77.12976079309465,87.86353054595519,52.88667128870942,124.5552086425935,146.3283977907228,82.63776376451628,80.00000000000001,73.49829930005183,80.0812087820857,78.16009211867653,33.42154993413681,61.61980201201558,77.00649323271382,83.02409288875126,62.07253821135399,75.1065909225016,84.99999999999997,86.83317338436963,190.0657780874821,16.12451549659714,58.69412236331676,32.14031735997644,108.5587398600407,45.96737973824472,19.10497317454279,54.23098745182499
Kassel,64.62197768561389,112.1605991424796,97.26767191621281,152.6433752247375,32.75667870831838,97.71898484941407,38.48376280978775,61.29437168288782,174.6424919657298,129.5414991421668,18.24828759089448,21.21320343559658,0,90.1387818865997,65.85590330410771,54.08326913195992,82.4621125123533,93.38094023942985,75.47184905645268,38.11823710509188,82.85529554590924,111.8793993548411,92.70382947861441,66.7083203206315,155.0032257728851,88.99999999999982,196.7866865415443,19.697715603592,43.26661530556765,47.01063709417251,85.80209787645067,51.66236541235779,36.40054944640254,68.47627326307982,78.29431652425339,72.09022125087434,130.7822617941745,159.3800489396336,76.60939890117906,96.17692030835678,92.47702417357523,99.16148445843285,66.09841147864279,41.43669871020132,64.00781202322096,64.03124237432831,100.9603882718366,79.07591289387692,91.98369420718006,71.58910531638155,69.35416353759859,200.6614063540869,17.02938636592641,69.46221994724901,20.80865204668487,123.0650234632083,24.75883680627965,36.40054944640277,69.72087205421347
Bonn,114.843371598016,33.42154993413682,52.61178575186364,67.26812023536856,57.58472019555187,57.42821606144494,128.4133949399361,32.64965543462902,85.00000000000004,39.6232255123179,83.48652585896721,82.49242389456138,90.1387818865997,0,136.0661603779573,57.0087712549569,59.84145720150874,120.9504030584437,59.03388857258175,56.60388679233962,128.6934341759516,48.02082881417186,64.00781202322105,80.52949770115293,73.73601562330312,106.0188662455886,108.1665382639198,94.42986815621423,110.3675676999362,57.87054518492113,79.83107164506815,76.53757247260978,53.85164807134504,62.43396511515185,68.88396039717806,59.46427498927403,42.20189569201838,74.73285756613352,53.9073278877742,42.95346318982906,61.00000000000002,64.2806347199528,75.17978451685001,49.65883607174055,30.2654919008431,78.26237921249263,56.08921464952066,45.89117562233507,46.17358552246078,83.00602387778854,102.0441081101697,111.157545852722,73.73601562330309,25.49509756796392,110.1362792180669,48.27007354458883,103.3924562045027,95.13148795220224,40.71854614300468
Hagen,29.68164415931161,165.4236984231703,158.7765725792064,203.2264746532793,89.05054744357274,160.1249512099848,61.61168720299741,116.3786922078092,219.036526634258,174.2871194322747,58.13776741499453,87.04596486914259,65.85590330410771,136.0661603779573,0,117.6605286406618,146.2908062729849,58.24946351684275,91.21951545584963,98.88377015466189,35.77708763999647,170.1881311960385,156.5790535161073,67.3572564761956,208.4826131839295,66.52818951391949,243.2488437793695,48.54894437575345,26.24880949681336,78.31347265956219,151.4892735476674,62.28964600958971,88.60022573334675,83.54639429682165,86.33075929238657,136.2130683891968,169.1892431568863,210.6015194627047,95.70788891204312,155.6181223379848,155.9134375222354,162.6099627944118,71.56814934033149,97.6933979345585,105.8017013095725,67.44627491566892,162.7882059609971,140.4279174523357,152.6106156202772,69.07966415668204,48.87739763939961,245.0020408078267,78.7718223732319,123.3693641063291,64.49806198638835,178.5721142843977,41.23105625617671,99.63934965664924,129.7690255800667
Dortmund,108.2081327812286,65.55150646628954,43.56604182158393,105.9481005020855,31.40063693621516,43.68065933568311,86.0232526704263,26,132.3820229487372,90.44335243676009,60,36.12478373637688,54.08326913195992,57.0087712549569,117.6605286406618,0,28.6530975637888,128.7982919141399,82.73451516749222,19.8494332412792,126.0634760745554,60.13318551349166,38.94868418830089,90.47098982546835,105.7213318115129,118.532695911297,151.8222645068896,69.11584478250988,92.41753080449615,59.23681287847954,37.589892258425,77.89736837660179,35.35533905932738,80.04998438475801,90.80198235721508,18.60107523773828,98.29038610159184,111.8257573191436,80.22468448052632,44.10215414239991,38.48376280978771,45.18849411078001,86.72946442818611,26,49.25444142409901,87.32124598286491,47.07440918375926,26.00000000000001,39.01281840626233,95.07891459203769,104.5609869884557,157.3086138773081,38.94868418830092,31.6227766016838,68.26419266350408,73.34848328356892,76.94153624668533,41.2310562561766,19.6977156035922
Heilbronn,135.8823020117042,52.34500931320961,19.31320791582797,88.83692925805124,58.79625838435639,17.1172427686237,112.1472246647237,40.85339643163099,118.4060809249254,82.20097323024831,88.48163651289458,63.32456079595025,82.4621125123533,59.84145720150874,146.2908062729849,28.6530975637888,0,154.4020725249503,102.5280449438104,47.80167361086848,153.4438007871286,39.35733730830891,10.295630140987,114.5862120850497,85.61541917201598,142.8880680812782,134.7182244538575,97.75479527879949,120.9297316626478,83.4865258589672,20.24845673131659,103.4069630150697,61.55485358604957,101.5529418579294,111.6154111222998,10.44030650891054,94.82615672903755,93.47726996441435,98.97979591815695,25.49509756796396,10.19803902718557,16.76305461424022,110.2769241500687,51.66236541235796,66.09841147864296,111.5168148756052,21.37755832643193,14.03566884761821,19.10497317454282,118.8486432400471,130.728726758888,141.509716980849,67.60177512462231,40.60788100849392,95.12623192369185,54.70831746635957,105.5888251663025,63.03173803727769,23.08679276123039
Bamberg,32.98484500494128,154.2076522096098,160.589538887189,185.2241884851975,97.61659694949419,163.6001222493431,109.6585609973065,115.433963806152,193.1320791582798,152.4631102922933,76.40026177965625,111.400179533069,93.38094023942985,120.9504030584437,58.24946351684275,128.7982919141399,154.4020725249503,0,62.60990336999409,109.2748827498799,23.34523505985761,165.4236984231703,163.835283135227,41.10960958218893,193.7059627373406,16.27882059609967,218.1306947680683,74.43117626371365,56.56854249492392,71.06335201775947,166.3550420035413,51.03920062069938,93.49331526906082,58.52349955359811,53.31041174104735,146.1677118928801,141.7603611733548,192.8367184952077,67.97793759742933,154.1752249876743,162.1110730332755,168.2408987137194,46.22769732530487,103.1746092796091,94.36630754670863,43.86342439892261,164.8302156766168,144.0451318163859,153.4828980701107,38.01315561749639,24.69817807045696,217.5890622251035,96.79876032264046,119.5031380341119,104.0048075811882,168.9289791598825,74.00675644831374,129.2942380773405,132.7742444904131
Koeln,64.12487816752557,92.45539465060976,104.1009125800538,122.6539848516957,57.55866572463264,107.9120011861517,109.6585609973065,61.68468205316454,132.1968229572861,90.13878188659973,59.03388857258177,82.86132994346639,75.47184905645268,59.03388857258175,91.21951545584963,82.73451516749222,102.5280449438104,62.60990336999409,0,67.02984409947557,73.97972695272675,105.4751155486449,110.5712440013225,25.01999200639359,131.125893705248,47.16990566028302,157.0891466651981,66.48308055437867,69.85699678629199,29.15475947422649,118.6001686339442,30.41381265149108,51.35172830587107,8.062257748298537,9.899494936611651,96.56603957913983,80.89499366462677,130.2689525558565,5.385164807134497,96.26006440887102,108.2589488217949,113.6001760562016,20.02498439450079,58.00862004909271,36.6742416417845,24.08318915758459,108.2266141020775,89.96110270555825,96.89685237405804,25.70992026436492,47.26520919238593,157.4071154681389,67.06713054842882,63.06346010171023,94.99999999999993,107.2986486401391,73.24616030892005,101.6513649687007,79.47955712005447
Ansbach,88.3911760301898,74.54528824815154,60.16643582596529,115.2605743522042,11.6619037896906,61.26989472816156,74.14849964766651,24.69817807045694,138.8272307582342,94.54099639838792,40.8166632639171,25.9422435421457,38.11823710509188,56.60388679233962,98.88377015466189,19.8494332412792,47.80167361086848,109.2748827498799,67.02984409947557,0,106.2167595062098,73.82411530116701,58.00862004909271,71.78439941937245,117.0683561001862,99.53893710503444,160.099968769516,50.56678751908213,73.24616030891994,41,57.14017850864661,58.60034129593446,16.49242250247064,63.19810123729985,74.16872656315464,38.2099463490856,98.73702446397702,121.807224744676,65.37583651472461,58.24946351684281,57.1401785086466,63.81222453417526,68.41052550594829,9.486832980505136,38.47076812334269,68.62215385719105,64.07807737440316,41.78516483155236,54.40588203494177,76.5375724726098,84.90583018850944,164.5600194457937,21.37755832643197,32.89376840679705,55.73149917237111,85.00588214941359,58.87274411814008,39.82461550347975,31.7804971641414
Coburg,18.35755975068579,161.0124218810462,162.265215003093,195.1127878945919,94.79451460923254,164.6572197020222,92.02173656261856,117.2006825918689,206.1674077054859,163.4870025414865,68.26419266350403,102.8834291807966,82.85529554590924,128.6934341759516,35.77708763999647,126.0634760745554,153.4438007871286,23.34523505985761,73.97972695272675,106.2167595062098,0,169.8116603770189,163.3799253274404,49.24428900898058,202.4080037943164,35.46829570193646,231.0367936065599,63.15853069855252,41.00000000000003,73.24616030891997,162.8895331198417,52.83937925449165,91.96738552334735,67.91170738539861,66.18912297349171,144.3121616496683,154.8709139896837,202.7042180123542,79.24645102463582,157.0509471477329,162.0524606416083,168.505192798323,54.57105459856904,101.8626526259747,99.7296345125159,50.96076922496366,166.4812301732541,144.6927779814874,155.4155719353759,48.37354648979129,26.92582403567252,231.3655116909174,90.13878188659969,122.5887433657756,89.44271909999145,175.3168560064891,60.1664358259654,119.230868486311,133.4166406412633
Kaiserslautern,153.9512909981595,20.02498439450073,20.24845673131664,49.64876634922559,81.74350127074324,24.08318915758464,146.0136979875519,53.85164807134504,79.98124780221907,49.99999999999993,112.6410227226298,96.00520819205595,111.8793993548411,48.02082881417186,170.1881311960385,60.13318551349166,39.35733730830891,165.4236984231703,105.4751155486449,73.82411530116701,169.8116603770189,0,34.71310991541961,124.3261838873855,46.4865571966778,151.426549851735,95.38343671728302,123.227432010896,143.9618004888797,96.56603957913981,55.97320787662618,117.0469991071962,81.5965685553014,107.5174404457249,115.3646392964499,47.43416490252572,66.61080993352346,54.12023651093919,100.6578362572929,16.03121954188141,32.01562118716431,29.83286778035265,119.2057045614848,72.8010988928052,71.06335201775946,121.6593605112241,19.79898987322342,34.2344855372474,21.58703314492293,127.5617497528158,144.2671133696103,102.3425620160058,95.18928511129813,47.41307836451879,128.0156240464421,15.62049935181307,131.9393800197651,100.0199980003999,42.190046219458
Lichtenfels,145.9109317357682,50.77400909914441,14.99999999999999,84.20213774008353,68.8839603971781,10.63014581273465,121.8236430254818,49.24428900898052,114.6908889145078,81.49233092751733,98.73702446397704,73.37574531137656,92.70382947861441,64.00781202322105,156.5790535161073,38.94868418830089,10.295630140987,163.835283135227,110.5712440013225,58.00862004909271,163.3799253274404,34.71310991541961,0,123.7093367535369,79.64923100695951,151.9901312585788,129.5414991421665,108.0462863776446,131.186889588861,92.80086206496145,21.26029162546931,112.9291813483123,71.42128534267638,110.059075046086,119.8665925101736,20.6155281280883,95.63472172804182,88.20430828479978,106.7754653466797,24.16609194718917,3.162277660168369,7,119.2686044187656,61.5223536610881,73.92563831310488,120.6731121667126,14.99999999999997,20.61552812808831,18.68154169226942,127.8632081562167,140.356688476182,136.8247053715081,77.8973683766018,47.75981574503822,105.0190458916858,50.32891812864629,115.8835622510802,72.06247289678588,31.38470965295043
Bochum,39.31920650267499,113.5341358358798,119.7539143410352,146.1848145328372,60.4400529450463,122.9186723000212,95.18928511129805,74.81310045707235,157.0031846810759,114.2847321386369,48.50773134253962,80,66.7083203206315,80.52949770115293,67.3572564761956,90.47098982546835,114.5862120850497,41.10960958218893,25.01999200639359,71.78439941937245,49.24428900898058,124.3261838873855,123.7093367535369,0,153.9350512391508,28.30194339616982,181.8378398463865,52.32590180780457,48.60041152089156,31.30495168499705,127.9531164137865,15.13274595042155,55.36244214266564,18.68154169226939,18.97366596101027,106.9439105325778,105.8017013095725,153.7920674157155,30.14962686336264,113.1370849898476,121.8277472499594,127.8006259765577,5.385164807134487,64.47480127925948,53.26349594234309,3.16227766016838,123.9879026357007,103.6001930500132,112.6099462747408,4.999999999999964,22.36067977499795,182.3321145602167,64.03124237432846,78.51751396981437,83.38465086573183,128.160056179763,56.85947590331816,99.02019995940222,92.41753080449617
Duesseldorf,188.4728097100481,43.28972164382672,66.30987860040162,13.34166406412633,123.1462545106427,69.31810730249349,190.7590102721232,94.13288479590966,41.78516483155214,44.59820624195551,152.9477034806342,140.9113196304683,155.0032257728851,73.73601562330312,208.4826131839295,105.7213318115129,85.61541917201598,193.7059627373406,131.125893705248,117.0683561001862,202.4080037943164,46.4865571966778,79.64923100695951,153.9350512391508,0,178.238604123798,50.44799302251733,163.8841053915846,182.3896926912264,131.0419780070493,100.4987562112089,150.2165104108067,121.5935853571232,135.5175265417724,140.6556077801379,93.92017887546851,61.85466837676841,10.77032961426901,125.7815566766448,62.09669878504008,77.36924453553881,73.57309290766564,148.5563866011825,114.109596441316,103.4456378974,151.7959156235766,64.84597134749393,80.2807573457052,68.00735254367721,156.0801076370721,175.6929139151605,58.69412236331676,138,86.28441342444185,172.4905794529081,32.38826948140337,172.8380745090618,146.2497863246302,86.70063436907483
Erlangen,37.64306044943739,139.4022955334667,147.756556538111,169.4963126442578,88.02272433866155,151.0297983842923,110.6797181058932,103.0048542545447,176.9208862740633,136.5650028374766,71.06335201775947,105.0761628534274,88.99999999999982,106.0188662455886,66.52818951391949,118.532695911297,142.8880680812782,16.27882059609967,47.16990566028302,99.53893710503444,35.46829570193646,151.426549851735,151.9901312585788,28.30194339616982,178.238604123798,0,201.9207765436736,71.44928271158506,58.1807528311555,59.53990258641679,156.080107637072,41.10960958218892,83.2586331859946,43.9317652729776,37.58989225842502,135.2035502492446,125.5746789762969,177.1016657177453,52.4785670536077,140.8580846100074,150.0833101980363,156.0128199860511,32.80243893371345,92.57429448826494,80.62257748298549,31.38470965295043,151.9802618763371,131.8256424221024,140.5844941663198,24.2074368738204,21.18962010041713,201.3256069157622,89.62700485902668,106.4048871058092,102.4207010325548,154.2011673107569,73.00684899377607,123.685083983478,120.6731121667126
Essen,219.6656550305489,86.33075929238652,115.6027681329471,46.09772228646423,164.0731544159495,119.0378091196235,234.1836885865452,135.7129323240788,25.00000000000025,69.00724599634465,191.5880998392124,185.3240405344109,196.7866865415443,108.1665382639198,243.2488437793695,151.8222645068896,134.7182244538575,218.1306947680683,157.0891466651981,160.099968769516,231.0367936065599,95.38343671728302,129.5414991421665,181.8378398463865,50.44799302251733,201.9207765436736,0,202.5561650505855,218.0206412246329,165.0484777270001,150.6021248190075,181.7965896269787,161.245154965971,163.2482771731454,165.4236984231707,142.225173580488,76.40026177965657,41.34005321718845,151.795915623577,110.0227249253532,127.0944530654266,123.7093367535366,176.5672676347463,155.3640885146886,138.0144919926891,180.3468879687146,114.5862120850495,127.6322843170957,116.2755348299888,182.7840255602227,204.1984329029,10.1980390271864,179.8693970635361,127.4754878398196,215.7452201092761,80.06247560499227,211.5325034125963,193.0025906561877,132.189258262538
Karlsruhe,44.94441010848851,120.5985074534507,110.6932698947863,160.0499921899404,41.48493702538308,111.8257573191436,43.4165866921847,70.03570517957252,179.354397771563,133.9589489358587,11.00000000000001,40.22437072223751,19.697715603592,94.42986815621423,48.54894437575345,69.11584478250988,97.75479527879949,74.43117626371365,66.48308055437867,50.56678751908213,63.15853069855252,123.227432010896,108.0462863776446,52.32590180780457,163.8841053915846,71.44928271158506,202.5561650505855,0,24.08318915758457,41.59326868617088,103.3924562045026,38.27531841800933,42.29657196511321,58.69412236331681,67.00746227100386,87.66413177577246,132.4386650491465,167.1466422037846,68.88396039717811,108.1572928655299,107.4243920159663,114.1271221051333,53.00000000000004,50.44799302251776,65.30696746902281,50.11985634456671,114.6342008302932,92.30926280715279,104.7520882846734,56.85947590331799,51.00980297942741,205.526154053444,30.23243291566191,77.64663547121665,31.32091952673153,132.8344834747363,9.000000000000014,56.08029957123977,81.93289937503737
Fuerth,24.0000000000001,139.2695228684295,132.8344834747363,177.3696704625681,63.06346010171024,134.3316790634287,53.15072906367305,90.13878188659973,194.0412327316028,149.0134222142422,32.44996147917588,64.20280367709805,43.26661530556765,110.3675676999362,26.24880949681336,92.41753080449615,120.9297316626478,56.56854249492392,69.85699678629199,73.24616030891994,41.00000000000003,143.9618004888797,131.186889588861,48.60041152089156,182.3896926912264,58.1807528311555,218.0206412246329,24.08318915758457,0,53.00943312279432,127.3499116607467,39.56008088970503,62.39390995922599,61.84658438426498,66.88796603276266,111.0180165558726,144.8861622101987,184.6997563615069,73.73601562330315,129.4681427996864,130.3840481040529,137.0583817210753,51.62363799656129,71.58910531638176,80.15609770940701,47.70744176750632,136.8831618571108,114.5294721894762,126.5740889755877,51.73973328110613,37.1214223865412,220.111335464578,53.90732788777416,97.12363255150623,48.50773134253944,152.3450031999737,19.31320791582804,79.1770168672702,103.7545179739176
Gelsen-Kirchen,57.77542730261715,88.60022573334675,89.8276126811795,125.131930377502,30.14962686336267,92.65527507918802,83.09632964216885,44.55333881989093,141.031911282518,96.04686356149273,32.20248437620924,53.85164807134504,47.01063709417251,57.87054518492113,78.31347265956219,59.23681287847954,83.4865258589672,71.06335201775947,29.15475947422649,41,73.24616030891997,96.56603957913981,92.80086206496145,31.30495168499705,131.0419780070493,59.53990258641679,165.0484777270001,41.59326868617088,53.00943312279432,0,96.66436778875659,20.6155281280883,24.51530134426253,23.34523505985751,34.23448553724738,75.66372975210778,92.22797840135064,132.5745073534124,29.68164415931164,84.02380615040001,91.0494371207203,97.18538984847466,27.51363298439521,33.24154027718932,27.65863337187865,28.17800560721074,94.06912352095134,73,82.80700453464065,35.84689665786983,48.1663783151692,167.107749670684,37.94733192202052,49.40647730814249,67.20863039818617,102.5524256173398,49.7694685525173,72.78049189171504,61.71709649683788
Neuss,144.8102206337661,71.40028011149538,36.06937759374287,105.4229576515476,68.79680225126747,31.89043743820396,109.731490466502,57.55866572463265,135.948519668292,101.7889974407843,95.48298277703728,64.89992295835179,85.80209787645067,79.83107164506815,151.4892735476674,37.589892258425,20.24845673131659,166.3550420035413,118.6001686339442,57.14017850864661,162.8895331198417,55.97320787662618,21.26029162546931,127.9531164137865,100.4987562112089,156.080107637072,150.6021248190075,103.3924562045026,127.3499116607467,96.66436778875659,0,115.4859298789251,72.94518489934754,116.6919020326604,127.2006289292628,22.20360331117452,114.9347641055569,109.288608738514,115.5205609404664,44.40720662234907,24.04163056034261,26.92582403567253,124.0846485267215,63.50590523722971,83.02409288875127,124.8118584109699,36.23534186398686,33.95585369269931,38.2753184180093,132.5028301584536,142.0422472365176,158.0031645252715,73.53910524340097,59.00000000000002,94.42986815621427,71.58910531638159,110.2587864979476,58.52349955359812,41
Bielefeld,38.32753579347359,108.3374358197571,110.3902169578446,143.5862110371327,47.01063709417264,113.1370849898476,81.60882305241259,65.11528238439882,157.3181489847882,113.1370849898476,33.52610922848044,65.03076195155644,51.66236541235779,76.53757247260978,62.28964600958971,77.89736837660179,103.4069630150697,51.03920062069938,30.41381265149108,58.60034129593446,52.83937925449165,117.0469991071962,112.9291813483123,15.13274595042155,150.2165104108067,41.10960958218892,181.7965896269787,38.27531841800933,39.56008088970503,20.6155281280883,115.4859298789251,0,42.5440947723653,22.36067977499789,29,95.13148795220224,107.0186899564744,151.1191582824626,34.17601498127009,104.6374693883601,111.2879148874666,117.5159563633807,14.76482306023338,52.15361924162119,47.01063709417263,12.36931687685296,114.6298390472568,93.38094023943002,103.3924562045027,20.09975124224173,27.58622844826746,183.1338308450954,49.16299421312739,69.99999999999999,68.87670143089019,122.5397894563232,43.86342439892277,84,82.07313811473277
Nuernburg,74.65252842335616,78.31347265956222,71.02112361825881,118.0042372120595,6.324555320336759,73.00684899377592,74.84650960465689,27.89265136196271,138.6542462386205,93.39164844888434,31.40063693621516,33.83784863137726,36.40054944640254,53.85164807134504,88.60022573334675,35.35533905932738,61.55485358604957,93.49331526906082,51.35172830587107,16.49242250247064,91.96738552334735,81.5965685553014,71.42128534267638,55.36244214266564,121.5935853571232,83.2586331859946,161.245154965971,42.29657196511321,62.39390995922599,24.51530134426253,72.94518489934754,42.5440947723653,0,47.01063709417264,58.00862004909271,52.80151512977635,94.42986815621423,125.015998976131,50.21951811795887,67.11929677819934,70.09279563550022,76.57675887630658,51.92301994298868,9.899494936611665,28.42534080710379,52.20153254455275,75.16648189186454,53.00943312279428,64.49806198638839,60.08327554319919,69.40461079784254,164.7543626129518,20.80865204668479,35.35533905932738,56.79788728465169,90.60905032059438,51.24451190127584,51.478150704935,41.88078318274384
Stuttgart,56.99999999999999,95.69221493935649,104.6231331972045,127.5813465989445,53.00943312279429,108.1665382639197,101.9803902718556,60.8276253029822,138.4521578018921,95.60334722173695,51.61395160225577,77.12976079309465,68.47627326307982,62.43396511515185,83.54639429682165,80.04998438475801,101.5529418579294,58.52349955359811,8.062257748298537,63.19810123729985,67.91170738539861,107.5174404457249,110.059075046086,18.68154169226939,135.5175265417724,43.9317652729776,163.2482771731454,58.69412236331681,61.84658438426498,23.34523505985751,116.6919020326604,22.36067977499789,47.01063709417264,0,10.99999999999999,94.92101980067429,87.36704184073079,135.1924554107958,12.16552506059642,97.30878685915265,107.9120011861517,113.5341358358798,13.34166406412634,54.58937625582473,37.01351104664349,17.1172427686237,108.8117640698836,89.55445270895244,97.41663102366043,20.59126028197403,41.00000000000005,163.8841053915846,61.13100686231167,63.24555320336757,87.65842800324447,110.4355015382283,65.29931086925816,96.10411021387171,78.71467461661771
Bayreuth,58.05170109479996,102.303470126873,113.7409337046254,131.9469590403659,64.00781202322104,117.4776574502573,110.4219181141135,70.77428911688197,140.4635183953472,99.16148445843274,60.90155991434047,87.86353054595519,78.29431652425339,68.88396039717806,86.33075929238657,90.80198235721508,111.6154111222998,53.31041174104735,9.899494936611651,74.16872656315464,66.18912297349171,115.3646392964499,119.8665925101736,18.97366596101027,140.6556077801379,37.58989225842502,165.4236984231707,67.00746227100386,66.88796603276266,34.23448553724738,127.2006289292628,29,58.00862004909271,10.99999999999999,0,105.3043208990021,89.05054744357275,139.5564401953561,14.99999999999998,106.0188662455885,117.618025829377,123.0650234632082,15.26433752247377,65.49045732013177,46.1410879802373,19.23538406167136,117.8855377050128,99.28242543370905,106.5316854273882,18.02775637732001,40.04996878900164,165.3874239475299,71.80529228406493,72.56031973468693,96.896852374058,117.1537451385999,72.86288492778762,106.8877916321597,88.63972021616493
Muenster,126.5740889755877,57.8013840664737,28.28427124746189,96.15092303249095,49.51767361255979,27.01851217221258,101.8331969448078,35.35533905932738,124.8078523170717,86.31338250816033,78.60025445251435,52.88667128870942,72.09022125087434,59.46427498927403,136.2130683891968,18.60107523773828,10.44030650891054,146.1677118928801,96.56603957913983,38.2099463490856,144.3121616496683,47.43416490252572,20.6155281280883,106.9439105325778,93.92017887546851,135.2035502492446,142.225173580488,87.66413177577246,111.0180165558726,75.66372975210778,22.20360331117452,95.13148795220224,52.80151512977635,94.92101980067429,105.3043208990021,0,97.34988443752768,101.237344888139,93.39164844888434,32.20248437620926,20.61552812808829,27.20294101747088,102.8591269649903,43.01162633521314,60.8276253029822,103.8315944209661,31.01612483854162,15.55634918610405,26,111.3642671596235,122.2006546627308,148.6068639060794,57.45432968889293,37.12142238654118,84.72307831990058,62.2414652783816,95.38343671728332,53.23532661682466,19.23538406167134
Duisburg,144.2220510185596,46.69047011971497,81.27115109311542,49.67896939349684,98.83825170448939,86.33075929238659,169.2601547913743,74.81310045707234,51.41984052872988,18.68154169226937,121.8400590938793,124.5552086425935,130.7822617941745,42.20189569201838,169.1892431568863,98.29038610159184,94.82615672903755,141.7603611733548,80.89499366462677,98.73702446397702,154.8709139896837,66.61080993352346,95.63472172804182,105.8017013095725,61.85466837676841,125.5746789762969,76.40026177965657,132.4386650491465,144.8861622101987,92.22797840135064,114.9347641055569,107.0186899564744,94.42986815621423,87.36704184073079,89.05054744357275,97.34988443752768,0,56.58621740318038,75.66372975210781,71.51223671512444,92.47702417357513,93.30058949438634,100.6031808642252,91.4166286842826,67.35725647619566,104.4796630928718,83.24061508662702,82.15229759416344,77.0778826901725,106.5316854273883,128.1327436684317,76.53103945458989,114.9347641055568,67.35725647619563,151.2117720285031,56.08029957124001,141.1559421349311,137.2770920437929,80.28075734570518
Hersbruck,189.4465623863362,47.2652091923859,74.30343195303969,7.615773105863909,127.0629765116495,77.69813382572325,195.869854750546,98.12746812182611,31.01612483854142,41.04875150354757,156.1569723067145,146.3283977907228,159.3800489396336,74.73285756613352,210.6015194627047,111.8257573191436,93.47726996441435,192.8367184952077,130.2689525558565,121.807224744676,202.7042180123542,54.12023651093919,88.20430828479978,153.7920674157155,10.77032961426901,177.1016657177453,41.34005321718845,167.1466422037846,184.6997563615069,132.5745073534124,109.288608738514,151.1191582824626,125.015998976131,135.1924554107958,139.5564401953561,101.237344888139,56.58621740318038,0,124.8879497789919,69.07966415668216,85.7554662980734,82.41965784932621,148.4082207965583,118.1058846967415,104.9237818609299,151.8222645068898,73.24616030891998,86.97700845625813,75.23961722390671,155.6181223379848,175.8408371226662,48.91829923454004,142.351677194194,90.04998611882181,177.4964788383139,39.00000000000013,176.1391495380854,152.7776161615307,92.41753080449618
Saarbruecken,69.02897942168923,87.32124598286491,99.84988733093294,117.2731853408954,56.51548460377916,103.7689741685828,111.7318217877073,58.24087911424414,126.9212354178765,84.75848040166838,60.82762530298218,82.63776376451628,76.60939890117906,53.9073278877742,95.70788891204312,80.22468448052632,98.97979591815695,67.97793759742933,5.385164807134497,65.37583651472461,79.24645102463582,100.6578362572929,106.7754653466797,30.14962686336264,125.7815566766448,52.4785670536077,151.795915623577,68.88396039717811,73.73601562330315,29.68164415931164,115.5205609404664,34.17601498127009,50.21951811795887,12.16552506059642,14.99999999999998,93.39164844888434,75.66372975210781,124.8879497789919,0,91.80958555619341,104.3886967061089,109.5901455423799,25.0199920063936,56.14267539047279,32.89376840679705,28.99999999999999,103.9422916814903,86.16263691415206,92.66067126888298,31.04834939252007,52.46903848937965,152.190669884852,67.11929677819928,59.09314681077662,96.54014708917728,102.1763181955585,76.02631123499295,101.1928851253881,75.8946638440411
Reutlingen,140.6627171641441,27.01851217221257,10.04987562112092,63.9531078212779,66.7308024828115,15.13274595042158,130.0038460969521,39.96248240537617,93.00537618869126,57.45432968889286,97.73944955850733,80.00000000000001,96.17692030835678,42.95346318982906,155.6181223379848,44.10215414239991,25.49509756796396,154.1752249876743,96.26006440887102,58.24946351684281,157.0509471477329,16.03121954188141,24.16609194718917,113.1370849898476,62.09669878504008,140.8580846100074,110.0227249253532,108.1572928655299,129.4681427996864,84.02380615040001,44.40720662234907,104.6374693883601,67.11929677819934,97.30878685915265,106.0188662455885,32.20248437620926,71.51223671512444,69.07966415668216,91.80958555619341,0,21.02379604162867,22.20360331117454,108.2081327812286,57.9396237474839,60.3075451332584,110.3177229641729,13.15294643796594,18.24828759089467,6.403124237432858,116.7261752992875,132.1362932732714,116.4688799637053,79.62411694957757,34.71310991541957,112.0401713672378,30.0832179129825,116.7604385055143,84.17244204607589,26.47640458974747
Aachen,144.6927779814874,47.70744176750627,12.0415945787923,81.60882305241267,67.80117993073571,8.062257748298562,122.3315167894194,47.16990566028302,111.9464157532521,78.39005038906404,97.9438614717635,73.49829930005183,92.47702417357523,61.00000000000002,155.9134375222354,38.48376280978771,10.19803902718557,162.1110730332755,108.2589488217949,57.1401785086466,162.0524606416083,32.01562118716431,3.162277660168369,121.8277472499594,77.36924453553881,150.0833101980363,127.0944530654266,107.4243920159663,130.3840481040529,91.0494371207203,24.04163056034261,111.2879148874666,70.09279563550022,107.9120011861517,117.618025829377,20.61552812808829,92.47702417357513,85.7554662980734,104.3886967061089,21.02379604162867,0,6.708203932499376,117.3243367763057,60.20797289396147,71.58910531638176,118.8107739222332,12.52996408614165,18.35755975068582,15.52417469626005,125.9245806028354,138.77319625922,134.2721117730707,77.36924453553883,45.31004303683679,105.3233117595531,47.63402145525804,115.3819743287486,72.99999999999999,29.41088233970549
Osnabrueck,151.2117720285031,47.4236228055175,12.16552506059643,78.74642849044012,74.4043009509531,7.071067811865476,128.7245120402482,53.00943312279428,109.6038320497964,78.29431652425352,104.6231331972045,80.0812087820857,99.16148445843285,64.2806347199528,162.6099627944118,45.18849411078001,16.76305461424022,168.2408987137194,113.6001760562016,63.81222453417526,168.505192798323,29.83286778035265,7,127.8006259765577,73.57309290766564,156.0128199860511,123.7093367535366,114.1271221051333,137.0583817210753,97.18538984847466,26.92582403567253,117.5159563633807,76.57675887630658,113.5341358358798,123.0650234632082,27.20294101747088,93.30058949438634,82.41965784932621,109.5901455423799,22.20360331117454,6.708203932499376,0,123.2233744059949,66.70832032063167,76.94153624668537,124.8078523170718,10.29563014098697,24.20743687382041,18.11077027627485,131.8256424221024,145.0413734077281,131.2097557348538,84.07734534343959,50.53711507397312,111.8302284715542,45.27692569068688,122.0901306412602,79.05694150420949,35.4682957019364
Hannover,44.10215414239986,108.2266141020775,114.9782588144385,140.8012784032872,57.27128425310541,118.2285921425101,96.26006440887095,70.21395872616783,151.7530889306707,108.9311709291698,48.10405388322278,78.16009211867653,66.09841147864279,75.17978451685001,71.56814934033149,86.72946442818611,110.2769241500687,46.22769732530487,20.02498439450079,68.41052550594829,54.57105459856904,119.2057045614848,119.2686044187656,5.385164807134487,148.5563866011825,32.80243893371345,176.5672676347463,53.00000000000004,51.62363799656129,27.51363298439521,124.0846485267215,14.76482306023338,51.92301994298868,13.34166406412634,15.26433752247377,102.8591269649903,100.6031808642252,148.4082207965583,25.0199920063936,108.2081327812286,117.3243367763057,123.2233744059949,0,60.74537019394976,48.16637831516918,4.123105625617661,119.2057045614848,99.04544411531506,107.8146557755484,8.602325267042628,27.6586333718787,177.1327186038762,62.07253821135394,73.66138744281157,83.63013810822022,122.8739191203733,58.25804665451817,97.25224933131366,87.92041856133307
Offenburg,84.50443775329198,71,61.40032573203501,111.2879148874666,9.055385138137417,63.24555320336759,79.12016177940993,20,133.4053971921676,88.54377448471462,39.84971769034255,33.42154993413681,41.43669871020132,49.65883607174055,97.6933979345585,26,51.66236541235796,103.1746092796091,58.00862004909271,9.486832980505136,101.8626526259747,72.8010988928052,61.5223536610881,64.47480127925948,114.109596441316,92.57429448826494,155.3640885146886,50.44799302251776,71.58910531638176,33.24154027718932,63.50590523722971,52.15361924162119,9.899494936611665,54.58937625582473,65.49045732013177,43.01162633521314,91.4166286842826,118.1058846967415,56.14267539047279,57.9396237474839,60.20797289396147,66.70832032063167,60.74537019394976,0,29.1547594742265,61.32699242584786,65.51335741663679,43.26661530556787,55.00909015790027,69.07966415668216,79.20227269466452,159.3549497191725,24.51530134426253,28.07133769523639,60.7289058027559,82.60750571225354,59.22837157984338,48.82622246293481,32.2490309931942
Ingolstadt,85.09406559801921,61.32699242584786,67.67569726275453,97.49358953285082,33.94112549695428,71.34423592694787,102.4207010325549,25.49509756796392,114.3547113152756,69.06518659932803,54.57105459856901,61.61980201201558,64.00781202322096,30.2654919008431,105.8017013095725,49.25444142409901,66.09841147864296,94.36630754670863,36.6742416417845,38.47076812334269,99.7296345125159,71.06335201775946,73.92563831310488,53.26349594234309,103.4456378974,80.62257748298549,138.0144919926891,65.30696746902281,80.15609770940701,27.65863337187865,83.02409288875127,47.01063709417263,28.42534080710379,37.01351104664349,46.1410879802373,60.8276253029822,67.35725647619566,104.9237818609299,32.89376840679705,60.3075451332584,71.58910531638176,76.94153624668537,48.16637831516918,29.1547594742265,0,50.60632371551998,71.84705978674424,53.31041174104735,60.46486583132389,56.58621740318044,73.57309290766567,140.5133445620024,49.20365840057016,26.4196896272458,84.72307831990051,75.59100475585711,74.14849964766657,77.93587107359485,43.01162633521313
Ulm,40.04996878900155,111.1395519155984,116.8460525649027,144.2220510185596,57.28001396647874,119.9708297879114,93.1933474020543,71.84010022264724,155.5634918610406,112.538882169675,45.88027898781785,77.00649323271382,64.03124237432831,78.26237921249263,67.44627491566892,87.32124598286491,111.5168148756052,43.86342439892261,24.08318915758459,68.62215385719105,50.96076922496366,121.6593605112241,120.6731121667126,3.16227766016838,151.7959156235766,31.38470965295043,180.3468879687146,50.11985634456671,47.70744176750632,28.17800560721074,124.8118584109699,12.36931687685296,52.20153254455275,17.1172427686237,19.23538406167136,103.8315944209661,104.4796630928718,151.8222645068898,28.99999999999999,110.3177229641729,118.8107739222332,124.8078523170718,4.123105625617661,61.32699242584786,50.60632371551998,0,121.0826164236634,100.6031808642252,109.7132626440395,8.062257748298526,24.04163056034265,181,61.00819617067854,75.66372975210777,81.02468759581852,125.7179382586273,55.00000000000014,96.04686356149273,89.40357934669058
Braunschweig,149.6161755960899,37.16180835212412,4.24264068711928,69.20260110718385,73.82411530116698,4.472135954999551,132.5443322062471,49.51767361255979,99.76472322419374,68.0294054067798,104.651803615609,83.02409288875126,100.9603882718366,56.08921464952066,162.7882059609971,47.07440918375926,21.37755832643193,164.8302156766168,108.2266141020775,64.07807737440316,166.4812301732541,19.79898987322342,14.99999999999997,123.9879026357007,64.84597134749393,151.9802618763371,114.5862120850495,114.6342008302932,136.8831618571108,94.06912352095134,36.23534186398686,114.6298390472568,75.16648189186454,108.8117640698836,117.8855377050128,31.01612483854162,83.24061508662702,73.24616030891998,103.9422916814903,13.15294643796594,12.52996408614165,10.29563014098697,119.2057045614848,65.51335741663679,71.84705978674424,121.0826164236634,0,22.36067977499788,11.40175425099139,127.7810627597063,142.2146265332789,121.8277472499595,85.09406559801924,45.60701700396553,115.1173314492653,35.3836120259081,122.9308748850344,84.21401308570917,33.28663395418647
Augsburg,127.6126952932192,42.43819034784588,18.38477631085023,81.54140052758476,51.478150704935,20,112.0178557195236,28.84441020371191,109.6038320497964,70.7672240518165,82.29216244576394,62.07253821135399,79.07591289387692,45.89117562233507,140.4279174523357,26.00000000000001,14.03566884761821,144.0451318163859,89.96110270555825,41.78516483155236,144.6927779814874,34.2344855372474,20.61552812808831,103.6001930500132,80.2807573457052,131.8256424221024,127.6322843170957,92.30926280715279,114.5294721894762,73,33.95585369269931,93.38094023943002,53.00943312279428,89.55445270895244,99.28242543370905,15.55634918610405,82.15229759416344,86.97700845625813,86.16263691415206,18.24828759089467,18.35755975068582,24.20743687382041,99.04544411531506,43.26661530556787,53.31041174104735,100.6031808642252,22.36067977499788,0,13.0384048104053,107.6475731263831,120.9338662244783,133.7235955244997,62.93647591023828,27.20294101747089,94.19129471453297,48.08326112068512,100.6578362572929,65.96969000988257,11.31370849898476
Regensburg,138.6975125948551,33.30165161069341,7.211102550927992,70.2353187506115,63.56099432828282,11.40175425099139,125.0359948174925,38.28837943815329,99.40321926376419,63.51377803280164,94.54099639838792,75.1065909225016,91.98369420718006,46.17358552246078,152.6106156202772,39.01281840626233,19.10497317454282,153.4828980701107,96.89685237405804,54.40588203494177,155.4155719353759,21.58703314492293,18.68154169226942,112.6099462747408,68.00735254367721,140.5844941663198,116.2755348299888,104.7520882846734,126.5740889755877,82.80700453464065,38.2753184180093,103.3924562045027,64.49806198638839,97.41663102366043,106.5316854273882,26,77.0778826901725,75.23961722390671,92.66067126888298,6.403124237432858,15.52417469626005,18.11077027627485,107.8146557755484,55.00909015790027,60.46486583132389,109.7132626440395,11.40175425099139,13.0384048104053,0,116.3872845288522,130.9694620894505,122.80065146407,75.69015788066505,34.20526275297414,107.2287274940816,36.24913792078357,113.2166065557522,78.44743462982075,22.84731931759173
Freiburg,40.26164427839471,116.2110149684616,123.5556554755791,148.0033783398204,65.25335240430179,126.8227108999015,99.47864092356696,78.81624198095213,157.8765340384696,115.7410903698423,53.3666562565053,84.99999999999997,71.58910531638155,83.00602387778854,69.07966415668204,95.07891459203769,118.8486432400471,38.01315561749639,25.70992026436492,76.5375724726098,48.37354648979129,127.5617497528158,127.8632081562167,4.999999999999964,156.0801076370721,24.2074368738204,182.7840255602227,56.85947590331799,51.73973328110613,35.84689665786983,132.5028301584536,20.09975124224173,60.08327554319919,20.59126028197403,18.02775637732001,111.3642671596235,106.5316854273883,155.6181223379848,31.04834939252007,116.7261752992875,125.9245806028354,131.8256424221024,8.602325267042628,69.07966415668216,56.58621740318044,8.062257748298526,127.7810627597063,107.6475731263831,116.3872845288522,0,22.02271554554524,183.002732220041,69.02897942168919,82.21921916437786,88.02272433866142,130.9198227924253,61.05735008989509,104.0192289915667,96.51942809610924
Bremen,19.23538406167125,134.6476884316994,137.9746353501251,168.2438706164359,73.24616030891995,140.7160260951111,89.49301648732136,92.69843580125827,179.3599732381784,136.5613415282671,51.97114584074512,86.83317338436963,69.35416353759859,102.0441081101697,48.87739763939961,104.5609869884557,130.728726758888,24.69817807045696,47.26520919238593,84.90583018850944,26.92582403567252,144.2671133696103,140.356688476182,22.36067977499795,175.6929139151605,21.18962010041713,204.1984329029,51.00980297942741,37.1214223865412,48.1663783151692,142.0422472365176,27.58622844826746,69.40461079784254,41.00000000000005,40.04996878900164,122.2006546627308,128.1327436684317,175.8408371226662,52.46903848937965,132.1362932732714,138.77319625922,145.0413734077281,27.6586333718787,79.20227269466452,73.57309290766567,24.04163056034265,142.2146265332789,120.9338662244783,130.9694620894505,22.02271554554524,0,204.6582517271171,72.11102550927973,97.45255255764214,81.6149496109627,149.0939301246031,51.97114584074524,104.9237818609299,109.6220780682432
Oldenburg,220.6558406206371,91.7877987534291,122.5887433657756,52.69724850502159,167.9047348945228,126.2457920090804,238.4156035162128,139.9785697883787,26.17250465660475,71.56814934033156,194.6124353683495,190.0657780874821,200.6614063540869,111.157545852722,245.0020408078267,157.3086138773081,141.509716980849,217.5890622251035,157.4071154681389,164.5600194457937,231.3655116909174,102.3425620160058,136.8247053715081,182.3321145602167,58.69412236331676,201.3256069157622,10.1980390271864,205.526154053444,220.111335464578,167.107749670684,158.0031645252715,183.1338308450954,164.7543626129518,163.8841053915846,165.3874239475299,148.6068639060794,76.53103945458989,48.91829923454004,152.190669884852,116.4688799637053,134.2721117730707,131.2097557348538,177.1327186038762,159.3549497191725,140.5133445620024,181,121.8277472499595,133.7235955244997,122.80065146407,183.002732220041,204.6582517271171,0,183.8613608129778,131.7345816405093,219.9863632137229,86.82165628459312,214.4621178670024,198.539668580362,137.6154061142865
Landshut,71.8470597867442,95.13148795220224,81.27115109311546,135.6244815658294,16.1554944214035,82.07923001588162,54.70831746635972,44.28317965096906,157.8923684032892,112.9291813483123,22.0227155455452,16.12451549659714,17.02938636592641,73.73601562330309,78.7718223732319,38.94868418830092,67.60177512462231,96.79876032264046,67.06713054842882,21.37755832643197,90.13878188659969,95.18928511129813,77.8973683766018,64.03124237432846,138,89.62700485902668,179.8693970635361,30.23243291566191,53.90732788777416,37.94733192202052,73.53910524340097,49.16299421312739,20.80865204668479,61.13100686231167,71.80529228406493,57.45432968889293,114.9347641055568,142.351677194194,67.11929677819928,79.62411694957757,77.36924453553883,84.07734534343959,62.07253821135394,24.51530134426253,49.20365840057016,61.00819617067854,85.09406559801924,62.93647591023828,75.69015788066505,69.02897942168919,72.11102550927973,183.8613608129778,0,52.46903848937963,36.40054944640259,106.1178590059185,38.01315561749636,35.22782990761711,53.15072906367325
Muenchen,106.5504575306929,43.04648650006177,41.40048308896892,83.21658488546619,37.01351104664349,44.94441010848848,106.7333125130107,8.246211251235321,105.9481005020854,61.74139616173252,66.75327707311455,58.69412236331676,69.46221994724901,25.49509756796392,123.3693641063291,31.6227766016838,40.60788100849392,119.5031380341119,63.06346010171023,32.89376840679705,122.5887433657756,47.41307836451879,47.75981574503822,78.51751396981437,86.28441342444185,106.4048871058092,127.4754878398196,77.64663547121665,97.12363255150623,49.40647730814249,59.00000000000002,69.99999999999999,35.35533905932738,63.24555320336757,72.56031973468693,37.12142238654118,67.35725647619563,90.04998611882181,59.09314681077662,34.71310991541957,45.31004303683679,50.53711507397312,73.66138744281157,28.07133769523639,26.4196896272458,75.66372975210777,45.60701700396553,27.20294101747089,34.20526275297414,82.21921916437786,97.45255255764214,131.7345816405093,52.46903848937963,0,88.29496021857646,55.31726674375735,86.57944328765346,70,18.00000000000001
Bremen,72.33947746562723,130.2497600765545,111.7586685675881,170.9883036935568,52.55473337388364,111.4629983447422,18.43908891458577,80.04998438475801,194.0953373989185,149.2648652563623,36.05551275463983,32.14031735997644,20.80865204668487,110.1362792180669,64.49806198638835,68.26419266350408,95.12623192369185,104.0048075811882,94.99999999999993,55.73149917237111,89.44271909999145,128.0156240464421,105.0190458916858,83.38465086573183,172.4905794529081,102.4207010325548,215.7452201092761,31.32091952673153,48.50773134253944,67.20863039818617,94.42986815621427,68.87670143089019,56.79788728465169,87.65842800324447,96.896852374058,84.72307831990058,151.2117720285031,177.4964788383139,96.54014708917728,112.0401713672378,105.3233117595531,111.8302284715542,83.63013810822022,60.7289058027559,84.72307831990051,81.02468759581852,115.1173314492653,94.19129471453297,107.2287274940816,88.02272433866142,81.6149496109627,219.9863632137229,36.40054944640259,88.29496021857646,0,140.2283851436648,29.99999999999975,37.20215047547663,86.02325267042629
Kempten,160.3277892319358,14.86606874731865,35.80502757993614,34.13209633175219,91.66242414424789,39.69886648255822,158.455040942218,62.80127387243033,64.38167441127956,38.05259518088113,122,108.5587398600407,123.0650234632083,48.27007354458883,178.5721142843977,73.34848328356892,54.70831746635957,168.9289791598825,107.2986486401391,85.00588214941359,175.3168560064891,15.62049935181307,50.32891812864629,128.160056179763,32.38826948140337,154.2011673107569,80.06247560499227,132.8344834747363,152.3450031999737,102.5524256173398,71.58910531638159,122.5397894563232,90.60905032059438,110.4355015382283,117.1537451385999,62.2414652783816,56.08029957124001,39.00000000000013,102.1763181955585,30.0832179129825,47.63402145525804,45.27692569068688,122.8739191203733,82.60750571225354,75.59100475585711,125.7179382586273,35.3836120259081,48.08326112068512,36.24913792078357,130.9198227924253,149.0939301246031,86.82165628459312,106.1178590059185,55.31726674375735,140.2283851436648,0,141.718029904455,114.0175425099137,54.33231082882444
Hamburg,42.57933771208771,129.5569372901351,119.0378091196238,169.0473306503241,50.21951811795887,120.01666550942,38.47076812334245,78.91767862779544,188.2896704548607,142.8985654231701,20.00000000000003,45.96737973824472,24.75883680627965,103.3924562045027,41.23105625617671,76.94153624668533,105.5888251663025,74.00675644831374,73.24616030892005,58.87274411814008,60.1664358259654,131.9393800197651,115.8835622510802,56.85947590331816,172.8380745090618,73.00684899377607,211.5325034125963,9.000000000000014,19.31320791582804,49.7694685525173,110.2587864979476,43.86342439892277,51.24451190127584,65.29931086925816,72.86288492778762,95.38343671728332,141.1559421349311,176.1391495380854,76.02631123499295,116.7604385055143,115.3819743287486,122.0901306412602,58.25804665451817,59.22837157984338,74.14849964766657,55.00000000000014,122.9308748850344,100.6578362572929,113.2166065557522,61.05735008989509,51.97114584074524,214.4621178670024,38.01315561749636,86.57944328765346,29.99999999999975,141.718029904455,0,60.03332407921442,90.44335243676008
Rendsburg,101.0198000393982,106.7754653466797,81.49846624323675,147.0544116985274,45.18849411078001,80.09993757800315,51.26402247190526,62.48199740725323,173.5655495770978,131.0267148332736,52.9528091794949,19.10497317454279,36.40054944640277,95.13148795220224,99.63934965664924,41.2310562561766,63.03173803727769,129.2942380773405,101.6513649687007,39.82461550347975,119.230868486311,100.0199980003999,72.06247289678588,99.02019995940222,146.2497863246302,123.685083983478,193.0025906561877,56.08029957123977,79.1770168672702,72.78049189171504,58.52349955359812,84,51.478150704935,96.10411021387171,106.8877916321597,53.23532661682466,137.2770920437929,152.7776161615307,101.1928851253881,84.17244204607589,72.99999999999999,79.05694150420949,97.25224933131366,48.82622246293481,77.93587107359485,96.04686356149273,84.21401308570917,65.96969000988257,78.44743462982075,104.0192289915667,104.9237818609299,198.539668580362,35.22782990761711,70,37.20215047547663,114.0175425099137,60.03332407921442,0,60.92618484691126
Kiel,116.400171821179,45.88027898781786,29.15475947422651,86.40023148117139,40.71854614300466,31.24099870362662,104.1729331448434,17.88854381999832,112.6987133910587,71.21797525905943,71.69379331573968,54.23098745182499,69.72087205421347,40.71854614300468,129.7690255800667,19.6977156035922,23.08679276123039,132.7742444904131,79.47955712005447,31.7804971641414,133.4166406412633,42.190046219458,31.38470965295043,92.41753080449617,86.70063436907483,120.6731121667126,132.189258262538,81.93289937503737,103.7545179739176,61.71709649683788,41,82.07313811473277,41.88078318274384,78.71467461661771,88.63972021616493,19.23538406167134,80.28075734570518,92.41753080449618,75.8946638440411,26.47640458974747,29.41088233970549,35.4682957019364,87.92041856133307,32.2490309931942,43.01162633521313,89.40357934669058,33.28663395418647,11.31370849898476,22.84731931759173,96.51942809610924,109.6220780682432,137.6154061142865,53.15072906367325,18.00000000000001,86.02325267042629,54.33231082882444,90.44335243676008,60.92618484691126,0
